{"IcoMoonType":"selection","icons":[{"icon":{"paths":["M480 725.333h-181.333q-88.533 0-150.933-62.4t-62.4-150.933 62.4-150.933 150.933-62.4h181.333v64h-181.333q-62.222 0-105.778 43.483-43.555 43.482-43.555 105.6 0 62.117 43.555 105.851 43.556 43.733 105.778 43.733h181.333v64zM346.667 544v-64h330.667v64h-330.667zM544 725.333v-64h181.333q62.222 0 105.778-43.483 43.555-43.482 43.555-105.6 0-62.117-43.555-105.851-43.556-43.733-105.778-43.733h-181.333v-64h181.333q88.533 0 150.933 62.4t62.4 150.933-62.4 150.933-150.933 62.4h-181.333z"],"attrs":[{}],"isMulticolor":false,"isMulticolor2":false,"grid":0,"tags":["icon-clips"]},"attrs":[{}],"properties":{"order":2,"id":0,"name":"icon-clips","prevSize":32,"code":59648},"setIdx":0,"setId":2,"iconIdx":0}],"height":1024,"metadata":{"name":"icomoon"},"preferences":{"showGlyphs":true,"showQuickUse":true,"showQuickUse2":true,"showSVGs":true,"fontPref":{"prefix":"icon-","metadata":{"fontFamily":"icomoon"},"metrics":{"emSize":1024,"baseline":6.25,"whitespace":50},"embed":false},"imagePref":{"prefix":"icon-","png":true,"useClassSelector":true,"color":0,"bgColor":16777215,"classSelector":".icon"},"historySize":50,"showCodes":true,"gridSize":16}}